Generation,Best,Average,Min
1,7.666666666666667,2.143,0.0
2,8.333333333333334,2.299666666666667,0.0
3,13.666666666666666,2.436,0.0
4,32.0,2.516,0.6666666666666666
5,24.333333333333332,2.669,0.0
6,29.0,3.473666666666667,0.0
7,43.333333333333336,4.971,0.6666666666666666
8,42.0,7.696,1.0
9,47.666666666666664,11.972333333333333,1.0
10,54.666666666666664,17.453,1.3333333333333333
